input0,	input1,	expected
0.0,	0.0,	0.000000
1.0,	1.0,	3.116667
1.0,	-1.0,	1.116667
-1.0,	1.0,	1.116667
-1.0,	-1.0,	3.116667
2.0,	2.0,	9.866667
2.0,	-2.0,	1.866667
-2.0,	2.0,	1.866667
-2.0,	-2.0,	9.866667
3.0,	3.0,	72.450000
3.0,	-3.0,	54.450000
-3.0,	3.0,	54.450000
-3.0,	-3.0,	72.450000
4.0,	1.0,	450.866669
1.0,	4.0,	21.116667
-4.0,	-1.0,	450.866669
